{
  "parent": "minecraft:item/handheld",
  "textures": {
    "layer0": "minecraft:item/stick"
  },
  "overrides": [
    {
      "predicate": {
        "custom_model_data": 1
      },
      "model": "minecraft:item/glock1"
    },
    {
      "predicate": {
        "custom_model_data": 2
      },
      "model": "minecraft:item/glock2"
    },
    {
      "predicate": {
        "custom_model_data": 3
      },
      "model": "minecraft:item/glock3"
    },
    {
      "predicate": {
        "custom_model_data": 4
      },
      "model": "minecraft:item/p3201"
    },
    {
      "predicate": {
        "custom_model_data": 5
      },
      "model": "minecraft:item/p3202"
    },
    {
      "predicate": {
        "custom_model_data": 6
      },
      "model": "minecraft:item/p3203"
    },
    {
      "predicate": {
        "custom_model_data": 7
      },
      "model": "minecraft:item/m19111"
    },
    {
      "predicate": {
        "custom_model_data": 8
      },
      "model": "minecraft:item/m19112"
    },
    {
      "predicate": {
        "custom_model_data": 9
      },
      "model": "minecraft:item/m19113"
    },
    {
      "predicate": {
        "custom_model_data": 10
      },
      "model": "minecraft:item/ak471"
    },
    {
      "predicate": {
        "custom_model_data": 11
      },
      "model": "minecraft:item/ak472"
    },
    {
      "predicate": {
        "custom_model_data": 12
      },
      "model": "minecraft:item/ak473"
    },
    {
      "predicate": {
        "custom_model_data": 13
      },
      "model": "minecraft:item/m4a11"
    },
    {
      "predicate": {
        "custom_model_data": 14
      },
      "model": "minecraft:item/m4a12"
    },
    {
      "predicate": {
        "custom_model_data": 15
      },
      "model": "minecraft:item/m4a13"
    },
    {
      "predicate": {
        "custom_model_data": 16
      },
      "model": "minecraft:item/m161"
    },
    {
      "predicate": {
        "custom_model_data": 17
      },
      "model": "minecraft:item/m162"
    },
    {
      "predicate": {
        "custom_model_data": 18
      },
      "model": "minecraft:item/m163"
    }
  ]
}
